win,lose,probability
New York Knicks,Cleveland Cavaliers,0.999973963585
San Antonio Spurs,Golden State Warriors,0.9910469333
Utah Jazz,Portland Trail Blazers,0.999581051805
Brooklyn Nets,Boston Celtics,0.995463243234
Dallas Mavericks,Indiana Pacers,0.991889282697
Houston Rockets,Los Angeles Lakers,0.927524922556
Memphis Grizzlies,Minnesota Timberwolves,0.700920587257
Charlotte Hornets,Milwaukee Bucks,0.917816231105
Denver Nuggets,New Orleans Pelicans,0.915146068674
Miami Heat,Orlando Magic,0.891501663377
Philadelphia 76ers,Oklahoma City Thunder,0.693352270683
Sacramento Kings,Phoenix Suns,0.983112964463
Detroit Pistons,Toronto Raptors,0.981395766922
Washington Wizards,Atlanta Hawks,0.958584994616
Boston Celtics,Chicago Bulls,0.953890417958
Los Angeles Clippers,Portland Trail Blazers,0.999647155956
San Antonio Spurs,Sacramento Kings,0.975137181745
Indiana Pacers,Brooklyn Nets,0.703698927
Houston Rockets,Dallas Mavericks,0.926287924589
Orlando Magic,Detroit Pistons,0.986392516757
Charlotte Hornets,Miami Heat,0.977000934386
Golden State Warriors,New Orleans Pelicans,0.898230277957
Phoenix Suns,Oklahoma City Thunder,0.998271424461
Toronto Raptors,Cleveland Cavaliers,0.578586659855
Los Angeles Lakers,Utah Jazz,0.969010836831
Indiana Pacers,Chicago Bulls,0.874327720495
Boston Celtics,Charlotte Hornets,0.99004443001
Orlando Magic,Cleveland Cavaliers,0.999826773186
Denver Nuggets,Portland Trail Blazers,0.588770275074
Brooklyn Nets,Milwaukee Bucks,0.994265167703
Memphis Grizzlies,New York Knicks,0.979336073828
Atlanta Hawks,Philadelphia 76ers,0.817516951514
Minnesota Timberwolves,Sacramento Kings,0.6832770997
New Orleans Pelicans,San Antonio Spurs,0.981213967339
Milwaukee Bucks,Detroit Pistons,0.97715205517
Dallas Mavericks,Houston Rockets,0.992067366706
Utah Jazz,Los Angeles Clippers,0.972373982237
Washington Wizards,Memphis Grizzlies,0.657224381708
San Antonio Spurs,Miami Heat,0.995478001714
Los Angeles Lakers,Oklahoma City Thunder,0.997913256361
Golden State Warriors,Phoenix Suns,0.944173055425
Sacramento Kings,Atlanta Hawks,0.989745146276
Chicago Bulls,Brooklyn Nets,0.951447515541
Phoenix Suns,Los Angeles Clippers,0.969237924792
Denver Nuggets,Toronto Raptors,0.97810586448
Houston Rockets,Cleveland Cavaliers,0.999011397703
New York Knicks,Detroit Pistons,0.997931141675
Los Angeles Lakers,Indiana Pacers,0.991691109746
Sacramento Kings,Miami Heat,0.995611867779
Memphis Grizzlies,Minnesota Timberwolves,0.999649805243
Milwaukee Bucks,New Orleans Pelicans,0.945652729911
Orlando Magic,Philadelphia 76ers,0.922066144415
Golden State Warriors,Portland Trail Blazers,0.998799508203
Utah Jazz,San Antonio Spurs,0.970877408805
Los Angeles Lakers,Atlanta Hawks,0.983498615168
Chicago Bulls,Boston Celtics,0.99169015705
Detroit Pistons,Brooklyn Nets,0.838604294713
Philadelphia 76ers,Charlotte Hornets,0.998141553581
Oklahoma City Thunder,Los Angeles Clippers,0.605225523427
New Orleans Pelicans,Memphis Grizzlies,0.912553393349
Houston Rockets,New York Knicks,0.569111496912
Phoenix Suns,Portland Trail Blazers,0.655858611411
Dallas Mavericks,Utah Jazz,0.969733440858
Toronto Raptors,Washington Wizards,0.9810846074
Boston Celtics,Cleveland Cavaliers,0.999704866056
Oklahoma City Thunder,Golden State Warriors,0.805440462826
Indiana Pacers,Milwaukee Bucks,0.91953568037
Denver Nuggets,Minnesota Timberwolves,0.994017620938
Sacramento Kings,Orlando Magic,0.977905721203
Charlotte Hornets,Brooklyn Nets,0.698877621545
New York Knicks,Chicago Bulls,0.995754876995
Dallas Mavericks,Portland Trail Blazers,0.600090305867
Golden State Warriors,Los Angeles Lakers,0.956284909332
Los Angeles Clippers,Memphis Grizzlies,0.88775527187
Phoenix Suns,New Orleans Pelicans,0.957729678732
Miami Heat,Toronto Raptors,0.958954540347
San Antonio Spurs,Utah Jazz,0.980052022074
Atlanta Hawks,Washington Wizards,0.984397553883
Houston Rockets,Atlanta Hawks,0.942539807987
Denver Nuggets,Detroit Pistons,0.96364714476
Chicago Bulls,Indiana Pacers,0.996737749881
Sacramento Kings,Milwaukee Bucks,0.983511386447
Minnesota Timberwolves,Oklahoma City Thunder,0.976375656663
Washington Wizards,Orlando Magic,0.913900113197
Philadelphia 76ers,Cleveland Cavaliers,0.934109464105
Los Angeles Clippers,San Antonio Spurs,0.97536090729
Denver Nuggets,Boston Celtics,0.96402604407
Milwaukee Bucks,Dallas Mavericks,0.976929759996
Phoenix Suns,Los Angeles Lakers,0.982503946843
Memphis Grizzlies,Portland Trail Blazers,0.932782578033
Utah Jazz,New York Knicks,0.866207465275
Sacramento Kings,Toronto Raptors,0.992116632819
Orlando Magic,Chicago Bulls,0.972414112968
Indiana Pacers,Charlotte Hornets,0.970967224181
New Orleans Pelicans,Golden State Warriors,0.993329303423
Detroit Pistons,Los Angeles Clippers,0.946550503243
Miami Heat,Oklahoma City Thunder,0.99309214233
Utah Jazz,Philadelphia 76ers,0.910345223549
Houston Rockets,Washington Wizards,0.966857609759
Brooklyn Nets,Minnesota Timberwolves,0.601839972836
Atlanta Hawks,Cleveland Cavaliers,0.999542645077
Dallas Mavericks,Los Angeles Lakers,0.979443405031
Denver Nuggets,Memphis Grizzlies,0.739456254881
Phoenix Suns,Portland Trail Blazers,0.999532007075
New Orleans Pelicans,Sacramento Kings,0.981399239643
Chicago Bulls,Atlanta Hawks,0.993488527029
Utah Jazz,Charlotte Hornets,0.993170615951
Dallas Mavericks,Golden State Warriors,0.986336448168
Philadelphia 76ers,Indiana Pacers,0.99832119493
Los Angeles Clippers,Portland Trail Blazers,0.724218546948
Brooklyn Nets,New York Knicks,0.957605768301
Toronto Raptors,Oklahoma City Thunder,0.995744676109
Minnesota Timberwolves,Orlando Magic,0.702572540451
Detroit Pistons,Phoenix Suns,0.960633544888
Houston Rockets,San Antonio Spurs,0.87181234041
Boston Celtics,Washington Wizards,0.98987724257
Golden State Warriors,Denver Nuggets,0.95746905225
Chicago Bulls,Miami Heat,0.997219705576
New Orleans Pelicans,Milwaukee Bucks,0.987318476271
Los Angeles Lakers,Sacramento Kings,0.961482551448
New York Knicks,Boston Celtics,0.997953463904
Toronto Raptors,Charlotte Hornets,0.981394284447
Los Angeles Clippers,Oklahoma City Thunder,0.998696333056
Utah Jazz,Orlando Magic,0.973596260816
Indiana Pacers,Philadelphia 76ers,0.700159343782
Sacramento Kings,Portland Trail Blazers,0.999650950518
Detroit Pistons,San Antonio Spurs,0.943735950001
Washington Wizards,Cleveland Cavaliers,0.501652753451
Philadelphia 76ers,Atlanta Hawks,0.996643783409
Washington Wizards,Chicago Bulls,0.89699756222
Detroit Pistons,Denver Nuggets,0.970133247181
San Antonio Spurs,Houston Rockets,0.9948125189
Boston Celtics,Indiana Pacers,0.990999698876
Utah Jazz,Miami Heat,0.994737382888
Memphis Grizzlies,Milwaukee Bucks,0.997258505868
Los Angeles Clippers,Minnesota Timberwolves,0.997844999092
Los Angeles Lakers,New Orleans Pelicans,0.949396914154
Brooklyn Nets,Phoenix Suns,0.994125042108
New York Knicks,Toronto Raptors,0.998771379618
Charlotte Hornets,Cleveland Cavaliers,0.999102518476
Phoenix Suns,Golden State Warriors,0.988382900656
Los Angeles Lakers,Minnesota Timberwolves,0.996552314972
Orlando Magic,Oklahoma City Thunder,0.99867150819
Denver Nuggets,Portland Trail Blazers,0.999017337113
Oklahoma City Thunder,Detroit Pistons,0.730436716499
Philadelphia 76ers,Houston Rockets,0.998358289573
Orlando Magic,Indiana Pacers,0.994698266673
Brooklyn Nets,Los Angeles Clippers,0.991922577707
Boston Celtics,New Orleans Pelicans,0.945379903114
Dallas Mavericks,New York Knicks,0.831003040007
Miami Heat,San Antonio Spurs,0.881359469815
Memphis Grizzlies,Utah Jazz,0.996772164529
Toronto Raptors,Cleveland Cavaliers,0.999443715314
Brooklyn Nets,Los Angeles Lakers,0.995451839085
Atlanta Hawks,Miami Heat,0.988151178047
Charlotte Hornets,Minnesota Timberwolves,0.988718029584
Chicago Bulls,Portland Trail Blazers,0.999779172581
Milwaukee Bucks,Atlanta Hawks,0.982230431059
Dallas Mavericks,Boston Celtics,0.979494122183
Phoenix Suns,Denver Nuggets,0.982990507968
Cleveland Cavaliers,Indiana Pacers,0.527983307846
Memphis Grizzlies,Los Angeles Clippers,0.996133893582
Detroit Pistons,New York Knicks,0.765116545349
Houston Rockets,Oklahoma City Thunder,0.992459333079
New Orleans Pelicans,Orlando Magic,0.98298472243
Washington Wizards,Philadelphia 76ers,0.745087162431
San Antonio Spurs,Sacramento Kings,0.975137181745
Golden State Warriors,Toronto Raptors,0.973376082552
Portland Trail Blazers,Houston Rockets,0.640473615296
Milwaukee Bucks,Miami Heat,0.992363090197
Philadelphia 76ers,Minnesota Timberwolves,0.99930611196
Chicago Bulls,Utah Jazz,0.987661592029
New York Knicks,Washington Wizards,0.9990989039
Golden State Warriors,Boston Celtics,0.956390219026
Atlanta Hawks,Charlotte Hornets,0.984653840781
Detroit Pistons,Cleveland Cavaliers,0.999598917019
Memphis Grizzlies,Dallas Mavericks,0.997787190115
Toronto Raptors,Denver Nuggets,0.959043283381
Phoenix Suns,Indiana Pacers,0.993109871545
San Antonio Spurs,Los Angeles Lakers,0.986497723681
New Orleans Pelicans,Portland Trail Blazers,0.785031384231
Brooklyn Nets,Oklahoma City Thunder,0.999555924714
Los Angeles Clippers,Sacramento Kings,0.975602468566
Boston Celtics,Detroit Pistons,0.977033516642
Utah Jazz,Houston Rockets,0.993963567344
Chicago Bulls,Los Angeles Clippers,0.985248461239
Memphis Grizzlies,Minnesota Timberwolves,0.700920587257
Golden State Warriors,Milwaukee Bucks,0.945439213577
Charlotte Hornets,New Orleans Pelicans,0.850486141545
Dallas Mavericks,Orlando Magic,0.965524072136
Phoenix Suns,Philadelphia 76ers,0.900885501991
Miami Heat,Washington Wizards,0.969573035128
Brooklyn Nets,Portland Trail Blazers,0.899500945697
Utah Jazz,Denver Nuggets,0.984746614629
Chicago Bulls,Los Angeles Lakers,0.99166934778
Atlanta Hawks,New York Knicks,0.74069635863
Indiana Pacers,Oklahoma City Thunder,0.993305033587
Toronto Raptors,Sacramento Kings,0.924325532157
Memphis Grizzlies,Charlotte Hornets,0.999061528605
Houston Rockets,Detroit Pistons,0.926961701621
Golden State Warriors,Indiana Pacers,0.982501471684
Toronto Raptors,Los Angeles Clippers,0.927359587463
Orlando Magic,Milwaukee Bucks,0.98302269474
Boston Celtics,Minnesota Timberwolves,0.996263897455
Miami Heat,Philadelphia 76ers,0.693501132493
Dallas Mavericks,San Antonio Spurs,0.962006445956
Phoenix Suns,Washington Wizards,0.992248523159
New Orleans Pelicans,Atlanta Hawks,0.99212443604
Chicago Bulls,Denver Nuggets,0.991903121805
Oklahoma City Thunder,Los Angeles Lakers,0.732077382894
New York Knicks,Portland Trail Blazers,0.934541084056
Boston Celtics,Brooklyn Nets,0.875960923832
San Antonio Spurs,Charlotte Hornets,0.994130428026
Portland Trail Blazers,Cleveland Cavaliers,0.981681752067
Los Angeles Clippers,Dallas Mavericks,0.986512502083
Miami Heat,Detroit Pistons,0.932718416421
Los Angeles Lakers,Golden State Warriors,0.986004514576
Toronto Raptors,Houston Rockets,0.983531898971
Atlanta Hawks,Indiana Pacers,0.986119101956
Minnesota Timberwolves,New Orleans Pelicans,0.618532139799
Phoenix Suns,Orlando Magic,0.970594758386
Memphis Grizzlies,Philadelphia 76ers,0.986724998602
Oklahoma City Thunder,Sacramento Kings,0.59461815933
Denver Nuggets,Utah Jazz,0.947298792893
San Antonio Spurs,Boston Celtics,0.98653127578
Dallas Mavericks,Cleveland Cavaliers,0.999734267616
Oklahoma City Thunder,Denver Nuggets,0.737668759713
Los Angeles Clippers,Detroit Pistons,0.986643724345
Brooklyn Nets,Indiana Pacers,0.998223081904
Golden State Warriors,Los Angeles Lakers,0.956284909332
Miami Heat,Memphis Grizzlies,0.597463809099
Toronto Raptors,Milwaukee Bucks,0.947434268879
Charlotte Hornets,New York Knicks,0.592670897416
Washington Wizards,Orlando Magic,0.913900113197
Chicago Bulls,Philadelphia 76ers,0.950660000798
Minnesota Timberwolves,Phoenix Suns,0.756513993457
New Orleans Pelicans,Portland Trail Blazers,0.999732556605
Houston Rockets,Sacramento Kings,0.872936838578
Atlanta Hawks,Utah Jazz,0.949011272258
New York Knicks,Charlotte Hornets,0.999113922736
Minnesota Timberwolves,Golden State Warriors,0.858930372589
Memphis Grizzlies,Miami Heat,0.999277811267
Detroit Pistons,Oklahoma City Thunder,0.996928726919
San Antonio Spurs,Washington Wizards,0.994031444543
Sacramento Kings,Brooklyn Nets,0.925351186227
New Orleans Pelicans,Dallas Mavericks,0.989744335461
Los Angeles Clippers,Indiana Pacers,0.994796950711
Atlanta Hawks,Los Angeles Lakers,0.965130168404
Milwaukee Bucks,Orlando Magic,0.962047803703
Philadelphia 76ers,Cleveland Cavaliers,0.934109464105
Denver Nuggets,Phoenix Suns,0.953844801214
Houston Rockets,Portland Trail Blazers,0.997949741758
Atlanta Hawks,Golden State Warriors,0.976708596299
Charlotte Hornets,Memphis Grizzlies,0.599506916212
Boston Celtics,Miami Heat,0.992322848751
Utah Jazz,Minnesota Timberwolves,0.997442130801
New York Knicks,Oklahoma City Thunder,0.780033549026
Philadelphia 76ers,Toronto Raptors,0.997424077452
Sacramento Kings,Washington Wizards,0.994207884309
Los Angeles Clippers,Brooklyn Nets,0.924600592253
Detroit Pistons,Charlotte Hornets,0.986517288323
Milwaukee Bucks,Cleveland Cavaliers,0.743378017898
Los Angeles Lakers,New Orleans Pelicans,0.949396914154
Orlando Magic,San Antonio Spurs,0.974902888092
Houston Rockets,Utah Jazz,0.895897690763
Detroit Pistons,Boston Celtics,0.969365373758
Los Angeles Lakers,Chicago Bulls,0.957309790575
San Antonio Spurs,Dallas Mavericks,0.986252349232
Miami Heat,Denver Nuggets,0.935006382934
New York Knicks,Minnesota Timberwolves,0.999669367214
Washington Wizards,Oklahoma City Thunder,0.994644197966
Atlanta Hawks,Phoenix Suns,0.95535459849
Indiana Pacers,Portland Trail Blazers,0.998180810915
Memphis Grizzlies,Toronto Raptors,0.998698757145
Milwaukee Bucks,Brooklyn Nets,0.876535213191
Dallas Mavericks,Charlotte Hornets,0.991027577122
Los Angeles Clippers,Cleveland Cavaliers,0.999830013864
Houston Rockets,Golden State Warriors,0.950955534638
Orlando Magic,Memphis Grizzlies,0.885859315577
Miami Heat,Utah Jazz,0.903848835918
Detroit Pistons,Atlanta Hawks,0.975877627586
Sacramento Kings,Boston Celtics,0.986926516168
Chicago Bulls,Cleveland Cavaliers,0.826335825805
Houston Rockets,Denver Nuggets,0.929430618708
Los Angeles Clippers,New Orleans Pelicans,0.967798864543
New York Knicks,Minnesota Timberwolves,0.706838524302
Orlando Magic,Philadelphia 76ers,0.922066144415
Washington Wizards,San Antonio Spurs,0.905630044033
Los Angeles Lakers,Toronto Raptors,0.987296102021
Minnesota Timberwolves,Charlotte Hornets,0.903065116308
Chicago Bulls,Dallas Mavericks,0.991517148173
Phoenix Suns,Golden State Warriors,0.988382900656
Los Angeles Lakers,Memphis Grizzlies,0.83157155927
Brooklyn Nets,Milwaukee Bucks,0.994265167703
Boston Celtics,Philadelphia 76ers,0.874111028584
Miami Heat,Portland Trail Blazers,0.99812267003
Atlanta Hawks,Toronto Raptors,0.978839656139
Denver Nuggets,Utah Jazz,0.947298792893
Orlando Magic,Detroit Pistons,0.986392516757
Indiana Pacers,Los Angeles Clippers,0.890043139715
Sacramento Kings,New York Knicks,0.885991828183
New Orleans Pelicans,Oklahoma City Thunder,0.999011638703
Oklahoma City Thunder,Atlanta Hawks,0.77788732074
Washington Wizards,Brooklyn Nets,0.748287049527
Chicago Bulls,Portland Trail Blazers,0.75341112886
Charlotte Hornets,Dallas Mavericks,0.932630034485
Indiana Pacers,Golden State Warriors,0.956250778966
Boston Celtics,Houston Rockets,0.991197141801
Utah Jazz,Los Angeles Lakers,0.984309485576
San Antonio Spurs,Milwaukee Bucks,0.983014676033
Memphis Grizzlies,New Orleans Pelicans,0.994631835509
Denver Nuggets,Philadelphia 76ers,0.81226183003
Toronto Raptors,Cleveland Cavaliers,0.578586659855
Chicago Bulls,Detroit Pistons,0.991600093937
Philadelphia 76ers,Memphis Grizzlies,0.960936265268
New York Knicks,Miami Heat,0.999318138746
San Antonio Spurs,Minnesota Timberwolves,0.997802945666
Phoenix Suns,Utah Jazz,0.974201559596
Orlando Magic,Washington Wizards,0.994034293838
Miami Heat,Atlanta Hawks,0.947138710202
Denver Nuggets,Brooklyn Nets,0.814828046381
Detroit Pistons,Charlotte Hornets,0.986517288323
Sacramento Kings,Dallas Mavericks,0.986655664017
Los Angeles Lakers,Houston Rockets,0.991873509316
Golden State Warriors,Los Angeles Clippers,0.924663211178
Milwaukee Bucks,Portland Trail Blazers,0.650357570958
New York Knicks,Cleveland Cavaliers,0.956959606921
Boston Celtics,Orlando Magic,0.961853961214
Indiana Pacers,Phoenix Suns,0.917720709716
San Antonio Spurs,Chicago Bulls,0.9724012243
Memphis Grizzlies,Portland Trail Blazers,0.932782578033
Philadelphia 76ers,New Orleans Pelicans,0.989415477671
Minnesota Timberwolves,Toronto Raptors,0.870407804415
Golden State Warriors,Utah Jazz,0.936346880141
Denver Nuggets,Washington Wizards,0.983853317924
Toronto Raptors,Boston Celtics,0.958002630332
Orlando Magic,Charlotte Hornets,0.994133230347
Miami Heat,Cleveland Cavaliers,0.999094862214
Indiana Pacers,Dallas Mavericks,0.934061815732
Phoenix Suns,Los Angeles Lakers,0.982503946843
Atlanta Hawks,Milwaukee Bucks,0.956378874952
Detroit Pistons,Minnesota Timberwolves,0.994928953808
Houston Rockets,Oklahoma City Thunder,0.992459333079
New York Knicks,Sacramento Kings,0.996184793374
Miami Heat,Chicago Bulls,0.87082351538
Charlotte Hornets,Cleveland Cavaliers,0.999102518476
Dallas Mavericks,Houston Rockets,0.992067366706
Portland Trail Blazers,Indiana Pacers,0.635304017959
New Orleans Pelicans,Los Angeles Clippers,0.982189102624
Golden State Warriors,Memphis Grizzlies,0.699034786614
Denver Nuggets,Orlando Magic,0.940161820999
Brooklyn Nets,San Antonio Spurs,0.991475719004
Sacramento Kings,Utah Jazz,0.980633664016
Milwaukee Bucks,Washington Wizards,0.989930173104
Philadelphia 76ers,Detroit Pistons,0.995666434467
New York Knicks,Los Angeles Lakers,0.997948306578
Golden State Warriors,Minnesota Timberwolves,0.992699593604
Boston Celtics,Oklahoma City Thunder,0.997738430588
New Orleans Pelicans,Phoenix Suns,0.987010831818
Denver Nuggets,Dallas Mavericks,0.963298390987
Brooklyn Nets,Houston Rockets,0.998262340665
Charlotte Hornets,Indiana Pacers,0.973108628736
Los Angeles Clippers,Portland Trail Blazers,0.724218546948
Washington Wizards,Miami Heat,0.981953149767
Los Angeles Lakers,Sacramento Kings,0.961482551448
Milwaukee Bucks,Toronto Raptors,0.986315706146
Orlando Magic,Atlanta Hawks,0.989439227678
Minnesota Timberwolves,Chicago Bulls,0.659634443015
Memphis Grizzlies,Cleveland Cavaliers,0.999972422637
Golden State Warriors,New Orleans Pelicans,0.898230277957
New York Knicks,Phoenix Suns,0.99734784288
Oklahoma City Thunder,Portland Trail Blazers,0.990469182566
Los Angeles Lakers,Brooklyn Nets,0.884459362607
Detroit Pistons,Dallas Mavericks,0.968742218658
Sacramento Kings,Houston Rockets,0.994965985828
Memphis Grizzlies,Cleveland Cavaliers,0.955774857633
Indiana Pacers,Miami Heat,0.977512459806
Los Angeles Clippers,Orlando Magic,0.97767081176
Toronto Raptors,Philadelphia 76ers,0.786456174144
Boston Celtics,San Antonio Spurs,0.957978166229
Oklahoma City Thunder,Utah Jazz,0.647567328308
Charlotte Hornets,Washington Wizards,0.969822864247
Denver Nuggets,Portland Trail Blazers,0.588770275074
New York Knicks,Golden State Warriors,0.998644866167
Chicago Bulls,Milwaukee Bucks,0.98950618133
Indiana Pacers,New Orleans Pelicans,0.853389250555
San Antonio Spurs,Phoenix Suns,0.982604464092
Charlotte Hornets,Boston Celtics,0.933924016891
Milwaukee Bucks,Chicago Bulls,0.954122797738
New Orleans Pelicans,Houston Rockets,0.996138683219
Sacramento Kings,Memphis Grizzlies,0.888828555497
Los Angeles Clippers,Miami Heat,0.995564358653
Brooklyn Nets,Orlando Magic,0.992286813839
Los Angeles Lakers,Philadelphia 76ers,0.882719241933
Atlanta Hawks,Toronto Raptors,0.978839656139
Dallas Mavericks,Utah Jazz,0.969733440858
Detroit Pistons,Washington Wizards,0.986291688477
Charlotte Hornets,Atlanta Hawks,0.947562780402
Los Angeles Lakers,Cleveland Cavaliers,0.999727722236
New York Knicks,Denver Nuggets,0.998006235268
Indiana Pacers,Detroit Pistons,0.934669545973
Portland Trail Blazers,Golden State Warriors,0.50696956769
Houston Rockets,Minnesota Timberwolves,0.987585678303
Phoenix Suns,Oklahoma City Thunder,0.998271424461
Sacramento Kings,Dallas Mavericks,0.986655664017
Utah Jazz,Memphis Grizzlies,0.869463935144
Boston Celtics,Miami Heat,0.992322848751
Toronto Raptors,Orlando Magic,0.930430981109
Brooklyn Nets,Philadelphia 76ers,0.972547113186
New Orleans Pelicans,San Antonio Spurs,0.981213967339
Los Angeles Clippers,Washington Wizards,0.99414526402
Detroit Pistons,Chicago Bulls,0.93835192095
Dallas Mavericks,Denver Nuggets,0.980013347689
Washington Wizards,Indiana Pacers,0.978880828282
Phoenix Suns,Minnesota Timberwolves,0.997143406003
Atlanta Hawks,Oklahoma City Thunder,0.996499139349
Los Angeles Lakers,Charlotte Hornets,0.990808544819
Utah Jazz,Golden State Warriors,0.989588178718
San Antonio Spurs,Houston Rockets,0.9948125189
Denver Nuggets,Los Angeles Clippers,0.937491170903
Boston Celtics,Memphis Grizzlies,0.819974827657
Orlando Magic,Miami Heat,0.995480163586
Milwaukee Bucks,Cleveland Cavaliers,0.743378017898
Indiana Pacers,New York Knicks,0.598215079988
New Orleans Pelicans,Philadelphia 76ers,0.940857856193
Sacramento Kings,Portland Trail Blazers,0.732957711669
Brooklyn Nets,Toronto Raptors,0.997273678106
Minnesota Timberwolves,Atlanta Hawks,0.837423339916
Washington Wizards,Chicago Bulls,0.89699756222
Milwaukee Bucks,Cleveland Cavaliers,0.999706424512
Memphis Grizzlies,Detroit Pistons,0.997808962563
Oklahoma City Thunder,New Orleans Pelicans,0.524365519796
Houston Rockets,Phoenix Suns,0.908209580447
Dallas Mavericks,Portland Trail Blazers,0.999448470132
Sacramento Kings,Utah Jazz,0.980633664016
Golden State Warriors,Brooklyn Nets,0.782663108514
Boston Celtics,Indiana Pacers,0.990999698876
San Antonio Spurs,Los Angeles Clippers,0.976186504537
Los Angeles Lakers,Miami Heat,0.99291334098
Orlando Magic,New York Knicks,0.882956800038
Oklahoma City Thunder,Boston Celtics,0.732571763464
Chicago Bulls,Charlotte Hornets,0.996389284048
Brooklyn Nets,Cleveland Cavaliers,0.999942139989
Atlanta Hawks,Denver Nuggets,0.966083211146
Golden State Warriors,Detroit Pistons,0.955934570835
Dallas Mavericks,Los Angeles Clippers,0.963941956279
Houston Rockets,Memphis Grizzlies,0.576060080679
Washington Wizards,Milwaukee Bucks,0.934659960568
Sacramento Kings,Minnesota Timberwolves,0.997868133115
Miami Heat,New Orleans Pelicans,0.849401767481
Los Angeles Lakers,Orlando Magic,0.96470462863
Philadelphia 76ers,Phoenix Suns,0.994448171066
San Antonio Spurs,Portland Trail Blazers,0.999640257757
Toronto Raptors,Utah Jazz,0.938652830303
Golden State Warriors,Cleveland Cavaliers,0.999421396847
Los Angeles Clippers,Los Angeles Lakers,0.98675329557
Boston Celtics,New York Knicks,0.815745391344
Minnesota Timberwolves,Oklahoma City Thunder,0.976375656663
Chicago Bulls,San Antonio Spurs,0.984438170047
Charlotte Hornets,Brooklyn Nets,0.698877621545
Indiana Pacers,Chicago Bulls,0.874327720495
Detroit Pistons,Cleveland Cavaliers,0.698237880939
Phoenix Suns,Houston Rockets,0.993261337611
Denver Nuggets,Los Angeles Clippers,0.937491170903
Atlanta Hawks,Minnesota Timberwolves,0.994221273741
Dallas Mavericks,New Orleans Pelicans,0.950553536929
Memphis Grizzlies,Orlando Magic,0.996308935009
Toronto Raptors,Portland Trail Blazers,0.998845787086
Philadelphia 76ers,Sacramento Kings,0.992023699098
Milwaukee Bucks,Washington Wizards,0.989930173104
Memphis Grizzlies,Boston Celtics,0.997832600197
Houston Rockets,Dallas Mavericks,0.926287924589
Utah Jazz,Los Angeles Lakers,0.984309485576
Oklahoma City Thunder,Miami Heat,0.891693213487
New York Knicks,Atlanta Hawks,0.998398552763
Brooklyn Nets,Chicago Bulls,0.990614580259
Minnesota Timberwolves,Denver Nuggets,0.805286696958
Milwaukee Bucks,Detroit Pistons,0.97715205517
Toronto Raptors,Golden State Warriors,0.971809768315
Los Angeles Clippers,New Orleans Pelicans,0.967798864543
Charlotte Hornets,Orlando Magic,0.892321328317
Sacramento Kings,Portland Trail Blazers,0.999650950518
Phoenix Suns,San Antonio Spurs,0.967577127715
Indiana Pacers,Washington Wizards,0.970489215865
Miami Heat,Charlotte Hornets,0.970065425771
Boston Celtics,Cleveland Cavaliers,0.999704866056
Dallas Mavericks,Los Angeles Lakers,0.979443405031
Memphis Grizzlies,Oklahoma City Thunder,0.775123093866
Toronto Raptors,Phoenix Suns,0.94621177473
Philadelphia 76ers,Utah Jazz,0.993622273213
Detroit Pistons,Atlanta Hawks,0.975877627586
Miami Heat,Boston Celtics,0.933397400063
Philadelphia 76ers,Denver Nuggets,0.995823386365
Dallas Mavericks,Golden State Warriors,0.986336448168
Los Angeles Clippers,Houston Rockets,0.994911519651
Chicago Bulls,Indiana Pacers,0.996737749881
Milwaukee Bucks,Minnesota Timberwolves,0.996283558411
New York Knicks,New Orleans Pelicans,0.994930281021
San Antonio Spurs,Portland Trail Blazers,0.734929933172
Brooklyn Nets,Washington Wizards,0.997999658395
Milwaukee Bucks,Chicago Bulls,0.954122797738
Cleveland Cavaliers,Charlotte Hornets,0.502552915943
New York Knicks,Houston Rockets,0.999217347877
Los Angeles Clippers,Oklahoma City Thunder,0.998696333056
Memphis Grizzlies,Sacramento Kings,0.99595989893
Phoenix Suns,Utah Jazz,0.974201559596
San Antonio Spurs,Atlanta Hawks,0.989434207049
Orlando Magic,Indiana Pacers,0.994698266673
Toronto Raptors,Los Angeles Lakers,0.957901042924
Detroit Pistons,Miami Heat,0.989594440094
Portland Trail Blazers,Minnesota Timberwolves,0.808385357669
Utah Jazz,Brooklyn Nets,0.911716446076
Charlotte Hornets,Chicago Bulls,0.871776927872
New Orleans Pelicans,Cleveland Cavaliers,0.999871162182
Denver Nuggets,Golden State Warriors,0.975902723717
Washington Wizards,Houston Rockets,0.979338584489
Phoenix Suns,Los Angeles Clippers,0.969237924792
Oklahoma City Thunder,Milwaukee Bucks,0.683987888505
Orlando Magic,New York Knicks,0.882956800038
Utah Jazz,Boston Celtics,0.984348389003
Washington Wizards,Dallas Mavericks,0.9466142441
Sacramento Kings,Denver Nuggets,0.987259995202
Indiana Pacers,Detroit Pistons,0.934669545973
Memphis Grizzlies,Los Angeles Lakers,0.997827138955
Philadelphia 76ers,Minnesota Timberwolves,0.605886886403
Miami Heat,Phoenix Suns,0.915309259662
Toronto Raptors,San Antonio Spurs,0.923616024775
Oklahoma City Thunder,Charlotte Hornets,0.863653475059
Chicago Bulls,Cleveland Cavaliers,0.99989362147
Portland Trail Blazers,Golden State Warriors,0.50696956769
Memphis Grizzlies,Los Angeles Clippers,0.996133893582
Milwaukee Bucks,New York Knicks,0.816540083172
Atlanta Hawks,Orlando Magic,0.942092033453
Miami Heat,Sacramento Kings,0.882411513945
Phoenix Suns,Dallas Mavericks,0.982187304711
San Antonio Spurs,Denver Nuggets,0.986874702545
Charlotte Hornets,Detroit Pistons,0.933250017945
Oklahoma City Thunder,Houston Rockets,0.877631664502
Brooklyn Nets,Indiana Pacers,0.998223081904
Atlanta Hawks,New Orleans Pelicans,0.917812678248
Los Angeles Lakers,Portland Trail Blazers,0.999434889117
Utah Jazz,Toronto Raptors,0.990552213056
Philadelphia 76ers,Boston Celtics,0.995713087094
Brooklyn Nets,Cleveland Cavaliers,0.933060513918
Memphis Grizzlies,Golden State Warriors,0.998564776361
Miami Heat,Los Angeles Lakers,0.933240442634
New York Knicks,Milwaukee Bucks,0.997411300534
Houston Rockets,Orlando Magic,0.882662030202
Los Angeles Clippers,Sacramento Kings,0.975602468566
Minnesota Timberwolves,Washington Wizards,0.901582455789
New Orleans Pelicans,Boston Celtics,0.989953134715
Toronto Raptors,Chicago Bulls,0.916477071857
Atlanta Hawks,Dallas Mavericks,0.964510454722
New York Knicks,Indiana Pacers,0.999199648198
Utah Jazz,Minnesota Timberwolves,0.997442130801
Denver Nuggets,Oklahoma City Thunder,0.996375470011
Charlotte Hornets,San Antonio Spurs,0.882245634834
Philadelphia 76ers,Brooklyn Nets,0.97445063583
Miami Heat,Los Angeles Clippers,0.88692046401
Orlando Magic,Los Angeles Lakers,0.98650412063
Utah Jazz,Memphis Grizzlies,0.869463935144
Washington Wizards,Milwaukee Bucks,0.934659960568
Phoenix Suns,Cleveland Cavaliers,0.74798265989
Detroit Pistons,Portland Trail Blazers,0.999167669988
Golden State Warriors,Sacramento Kings,0.921526063456
Houston Rockets,Toronto Raptors,0.955335131941
Oklahoma City Thunder,Chicago Bulls,0.568536447764
Dallas Mavericks,Minnesota Timberwolves,0.996634938141
New Orleans Pelicans,New York Knicks,0.91026092427
Atlanta Hawks,Brooklyn Nets,0.820027250965
Miami Heat,Golden State Warriors,0.954913093368
Charlotte Hornets,Houston Rockets,0.973688133914
Los Angeles Lakers,Portland Trail Blazers,0.595700711941
Detroit Pistons,Sacramento Kings,0.944269846194
Milwaukee Bucks,San Antonio Spurs,0.958190847819
Boston Celtics,Toronto Raptors,0.986244040716
Utah Jazz,Cleveland Cavaliers,0.773362676713
Chicago Bulls,Washington Wizards,0.996328252842
Washington Wizards,Boston Celtics,0.947654705618
Orlando Magic,Los Angeles Clippers,0.976197668743
Houston Rockets,Minnesota Timberwolves,0.987585678303
Memphis Grizzlies,Oklahoma City Thunder,0.999788301086
New York Knicks,Philadelphia 76ers,0.987457485009
Cleveland Cavaliers,Portland Trail Blazers,0.943100592471
New Orleans Pelicans,Brooklyn Nets,0.941792243415
Indiana Pacers,Denver Nuggets,0.93689565168
Detroit Pistons,Golden State Warriors,0.97951674628
Chicago Bulls,New York Knicks,0.924728462485
Dallas Mavericks,Phoenix Suns,0.973570590804
Los Angeles Lakers,San Antonio Spurs,0.961106761441
Boston Celtics,Atlanta Hawks,0.982137758272
Memphis Grizzlies,Houston Rockets,0.999171064246
Miami Heat,Milwaukee Bucks,0.917172622787
Oklahoma City Thunder,Minnesota Timberwolves,0.944397740762
Charlotte Hornets,Philadelphia 76ers,0.695305381481
Orlando Magic,Portland Trail Blazers,0.999640430461
Sacramento Kings,Cleveland Cavaliers,0.810409045078
Brooklyn Nets,Toronto Raptors,0.997273678106
Detroit Pistons,Utah Jazz,0.955004938621
New Orleans Pelicans,Chicago Bulls,0.979337771214
Los Angeles Lakers,Los Angeles Clippers,0.963086345831
San Antonio Spurs,Phoenix Suns,0.982604464092
Orlando Magic,Utah Jazz,0.98006141107
Philadelphia 76ers,Washington Wizards,0.998110084456
Milwaukee Bucks,Atlanta Hawks,0.982230431059
Houston Rockets,Brooklyn Nets,0.678124941712
Minnesota Timberwolves,Dallas Mavericks,0.797818095128
Detroit Pistons,Los Angeles Lakers,0.969290390615
Chicago Bulls,Memphis Grizzlies,0.926681113849
Oklahoma City Thunder,Sacramento Kings,0.59461815933
New York Knicks,Toronto Raptors,0.998771379618
Charlotte Hornets,Boston Celtics,0.933924016891
Orlando Magic,Denver Nuggets,0.986880923268
Golden State Warriors,Cleveland Cavaliers,0.602312328354
New Orleans Pelicans,Indiana Pacers,0.996051634651
Oklahoma City Thunder,Los Angeles Clippers,0.605225523427
Philadelphia 76ers,Milwaukee Bucks,0.994580631618
Atlanta Hawks,New York Knicks,0.74069635863
Utah Jazz,Phoenix Suns,0.979798188238
Portland Trail Blazers,Washington Wizards,0.607395694246
Toronto Raptors,Brooklyn Nets,0.789283623468
Dallas Mavericks,Chicago Bulls,0.958293495809
Denver Nuggets,Los Angeles Lakers,0.963938478242
Houston Rockets,Miami Heat,0.974722625128
Minnesota Timberwolves,San Antonio Spurs,0.68108733046
New York Knicks,Boston Celtics,0.997953463904
Portland Trail Blazers,Charlotte Hornets,0.611400031499
Atlanta Hawks,Detroit Pistons,0.964848111255
Oklahoma City Thunder,Golden State Warriors,0.805440462826
Milwaukee Bucks,Houston Rockets,0.991243231813
Orlando Magic,New Orleans Pelicans,0.967205000089
Toronto Raptors,Philadelphia 76ers,0.786456174144
Indiana Pacers,Sacramento Kings,0.885642649148
Memphis Grizzlies,Washington Wizards,0.999045622548
Phoenix Suns,Cleveland Cavaliers,0.999774526283
Minnesota Timberwolves,Los Angeles Clippers,0.69276325568
Dallas Mavericks,Miami Heat,0.993082566186
Washington Wizards,New York Knicks,0.650799695961
Denver Nuggets,San Antonio Spurs,0.934232715478
Chicago Bulls,Atlanta Hawks,0.993488527029
Toronto Raptors,Charlotte Hornets,0.981394284447
Utah Jazz,Dallas Mavericks,0.984024988633
Golden State Warriors,Houston Rockets,0.982882123105
Indiana Pacers,Los Angeles Lakers,0.935177485809
Sacramento Kings,Memphis Grizzlies,0.888828555497
Brooklyn Nets,New Orleans Pelicans,0.988802732762
Milwaukee Bucks,Orlando Magic,0.962047803703
Philadelphia 76ers,Portland Trail Blazers,0.901019992382
Philadelphia 76ers,Atlanta Hawks,0.996643783409
Boston Celtics,Portland Trail Blazers,0.595093157672
Sacramento Kings,Chicago Bulls,0.973199847436
Brooklyn Nets,Charlotte Hornets,0.998032962609
San Antonio Spurs,Cleveland Cavaliers,0.999826689968
Los Angeles Clippers,Denver Nuggets,0.987123232095
Washington Wizards,Detroit Pistons,0.947112833326
Houston Rockets,Memphis Grizzlies,0.576060080679
Milwaukee Bucks,Miami Heat,0.992363090197
Phoenix Suns,New York Knicks,0.852843463329
Indiana Pacers,Utah Jazz,0.906553290515
Los Angeles Lakers,Dallas Mavericks,0.978567989636
Denver Nuggets,Minnesota Timberwolves,0.994017620938
Golden State Warriors,Orlando Magic,0.927839742134
Phoenix Suns,Toronto Raptors,0.989457343222
Los Angeles Clippers,Atlanta Hawks,0.98963478101
San Antonio Spurs,Brooklyn Nets,0.923239174821
Washington Wizards,Charlotte Hornets,0.976669575262
Sacramento Kings,Detroit Pistons,0.986785512089
New York Knicks,Indiana Pacers,0.999199648198
Golden State Warriors,Miami Heat,0.985055119879
Houston Rockets,Milwaukee Bucks,0.910213827568
New Orleans Pelicans,Cleveland Cavaliers,0.850460946349
Oklahoma City Thunder,Utah Jazz,0.647567328308
Utah Jazz,Denver Nuggets,0.984746614629
Chicago Bulls,Orlando Magic,0.985909378872
Los Angeles Clippers,Philadelphia 76ers,0.92341267612
Minnesota Timberwolves,Phoenix Suns,0.756513993457
San Antonio Spurs,Toronto Raptors,0.991877009707
Boston Celtics,Washington Wizards,0.98987724257
Houston Rockets,Boston Celtics,0.927694276536
Miami Heat,Brooklyn Nets,0.697085310113
Atlanta Hawks,Chicago Bulls,0.930301848715
Golden State Warriors,Charlotte Hornets,0.980661823854
Sacramento Kings,Cleveland Cavaliers,0.999831842263
New York Knicks,Dallas Mavericks,0.997910580784
Toronto Raptors,Memphis Grizzlies,0.707249916493
Philadelphia 76ers,Milwaukee Bucks,0.994580631618
Oklahoma City Thunder,New Orleans Pelicans,0.524365519796
Los Angeles Lakers,Portland Trail Blazers,0.999434889117
Phoenix Suns,Denver Nuggets,0.982990507968
Indiana Pacers,Minnesota Timberwolves,0.988971895053
Dallas Mavericks,Oklahoma City Thunder,0.997963331463
Los Angeles Lakers,Utah Jazz,0.969010836831
Washington Wizards,Atlanta Hawks,0.958584994616
Orlando Magic,Boston Celtics,0.986537657049
Miami Heat,Chicago Bulls,0.87082351538
Brooklyn Nets,Cleveland Cavaliers,0.999942139989
Sacramento Kings,Indiana Pacers,0.994852636868
San Antonio Spurs,New Orleans Pelicans,0.96718975974
Charlotte Hornets,New York Knicks,0.592670897416
Houston Rockets,Philadelphia 76ers,0.674421201186
Memphis Grizzlies,Portland Trail Blazers,0.999942748275
Milwaukee Bucks,Toronto Raptors,0.986315706146
Sacramento Kings,Charlotte Hornets,0.994303958454
Los Angeles Clippers,Golden State Warriors,0.9912171641
Detroit Pistons,Miami Heat,0.989594440094
Boston Celtics,Milwaukee Bucks,0.971413157175
Brooklyn Nets,Minnesota Timberwolves,0.999265517283
Denver Nuggets,Phoenix Suns,0.953844801214
Memphis Grizzlies,Utah Jazz,0.996772164529
New York Knicks,Atlanta Hawks,0.998398552763
Philadelphia 76ers,Chicago Bulls,0.991129065453
Oklahoma City Thunder,Cleveland Cavaliers,0.995386482232
Houston Rockets,Indiana Pacers,0.970456403431
Washington Wizards,New Orleans Pelicans,0.87931479755
Golden State Warriors,Portland Trail Blazers,0.998799508203
Dallas Mavericks,San Antonio Spurs,0.962006445956
Orlando Magic,Toronto Raptors,0.991880879096
Detroit Pistons,Boston Celtics,0.969365373758
Dallas Mavericks,Cleveland Cavaliers,0.700321786962
Brooklyn Nets,Miami Heat,0.998485932139
Orlando Magic,Minnesota Timberwolves,0.997803998483
Sacramento Kings,Philadelphia 76ers,0.924174125878
Memphis Grizzlies,Phoenix Suns,0.997191313254
Sacramento Kings,Houston Rockets,0.994965985828
Denver Nuggets,Los Angeles Lakers,0.963938478242
Charlotte Hornets,Portland Trail Blazers,0.998138534422
Oklahoma City Thunder,San Antonio Spurs,0.592181274278
New Orleans Pelicans,Toronto Raptors,0.993949063707
New York Knicks,Washington Wizards,0.9990989039
Toronto Raptors,Boston Celtics,0.958002630332
New York Knicks,Brooklyn Nets,0.987665296301
Minnesota Timberwolves,Cleveland Cavaliers,0.996858547667
Philadelphia 76ers,Dallas Mavericks,0.995623464992
Memphis Grizzlies,Denver Nuggets,0.997888481523
New Orleans Pelicans,Detroit Pistons,0.98984443833
Charlotte Hornets,Golden State Warriors,0.955277739913
Atlanta Hawks,Miami Heat,0.988151178047
Chicago Bulls,Oklahoma City Thunder,0.999183809678
Indiana Pacers,Orlando Magic,0.894512876444
Los Angeles Clippers,Phoenix Suns,0.982932452875
Milwaukee Bucks,Utah Jazz,0.966666957488
Atlanta Hawks,Houston Rockets,0.986422145386
Golden State Warriors,Los Angeles Clippers,0.924663211178
Philadelphia 76ers,San Antonio Spurs,0.99194338265
Los Angeles Lakers,Washington Wizards,0.990654068299
Los Angeles Lakers,Boston Celtics,0.978999504624
Indiana Pacers,Brooklyn Nets,0.703698927
Milwaukee Bucks,Denver Nuggets,0.977964715781
Minnesota Timberwolves,Detroit Pistons,0.799411876152
Chicago Bulls,Houston Rockets,0.996809720297
Memphis Grizzlies,Oklahoma City Thunder,0.999788301086
Toronto Raptors,Orlando Magic,0.930430981109
Dallas Mavericks,Portland Trail Blazers,0.999448470132
Phoenix Suns,Sacramento Kings,0.967892488957
Orlando Magic,Atlanta Hawks,0.989439227678
Detroit Pistons,Indiana Pacers,0.987806829585
Philadelphia 76ers,Miami Heat,0.998569552614
Memphis Grizzlies,Minnesota Timberwolves,0.999649805243
New York Knicks,Cleveland Cavaliers,0.956959606921
Milwaukee Bucks,Phoenix Suns,0.970881198024
Golden State Warriors,Sacramento Kings,0.921526063456
Denver Nuggets,San Antonio Spurs,0.934232715478
Charlotte Hornets,Utah Jazz,0.904585205826
New Orleans Pelicans,Washington Wizards,0.995556396307
Los Angeles Clippers,Boston Celtics,0.986786221099
Toronto Raptors,Brooklyn Nets,0.789283623468
Portland Trail Blazers,Oklahoma City Thunder,0.874683056447
Utah Jazz,Atlanta Hawks,0.987715942324
Dallas Mavericks,Denver Nuggets,0.980013347689
Philadelphia 76ers,Detroit Pistons,0.995666434467
Oklahoma City Thunder,Indiana Pacers,0.875207709605
San Antonio Spurs,Memphis Grizzlies,0.885810735636
Miami Heat,Minnesota Timberwolves,0.988622793816
Phoenix Suns,New Orleans Pelicans,0.957729678732
Los Angeles Lakers,New York Knicks,0.827557275084
Chicago Bulls,Sacramento Kings,0.984592143817
Los Angeles Clippers,Toronto Raptors,0.992031584595
Washington Wizards,Cleveland Cavaliers,0.501652753451
Brooklyn Nets,Charlotte Hornets,0.998032962609
Dallas Mavericks,Portland Trail Blazers,0.600090305867
Orlando Magic,Houston Rockets,0.994814997268
Denver Nuggets,Atlanta Hawks,0.971640116567
Washington Wizards,Brooklyn Nets,0.748287049527
Los Angeles Lakers,Detroit Pistons,0.978774842472
Chicago Bulls,Golden State Warriors,0.994485864633
Cleveland Cavaliers,Indiana Pacers,0.527983307846
Phoenix Suns,Memphis Grizzlies,0.856371273916
Miami Heat,Milwaukee Bucks,0.917172622787
Toronto Raptors,Minnesota Timberwolves,0.992979370915
Utah Jazz,New Orleans Pelicans,0.961992945271
Los Angeles Clippers,New York Knicks,0.884894704542
San Antonio Spurs,Philadelphia 76ers,0.922031618313
Boston Celtics,Sacramento Kings,0.958382876064
Houston Rockets,Charlotte Hornets,0.967392465497
Utah Jazz,Dallas Mavericks,0.984024988633
Cleveland Cavaliers,Oklahoma City Thunder,0.817578394284
Philadelphia 76ers,Orlando Magic,0.992710305938
Boston Celtics,Portland Trail Blazers,0.999387466313
Miami Heat,Brooklyn Nets,0.697085310113
San Antonio Spurs,Detroit Pistons,0.986386067639
Golden State Warriors,Memphis Grizzlies,0.699034786614
Los Angeles Lakers,Milwaukee Bucks,0.973569092434
New Orleans Pelicans,Minnesota Timberwolves,0.998365871954
Denver Nuggets,New York Knicks,0.733948924687
Chicago Bulls,Phoenix Suns,0.989251031198
Atlanta Hawks,Sacramento Kings,0.936940611141
Indiana Pacers,Washington Wizards,0.970489215865
Los Angeles Clippers,Charlotte Hornets,0.994242370836
Denver Nuggets,Cleveland Cavaliers,0.999526437733
Orlando Magic,Dallas Mavericks,0.986258860812
Phoenix Suns,Houston Rockets,0.993261337611
Milwaukee Bucks,Indiana Pacers,0.991046813322
Golden State Warriors,Oklahoma City Thunder,0.995574607151
Miami Heat,Philadelphia 76ers,0.693501132493
Boston Celtics,Utah Jazz,0.966495885898
Chicago Bulls,Minnesota Timberwolves,0.998650382505
San Antonio Spurs,New York Knicks,0.882907148033
New Orleans Pelicans,Sacramento Kings,0.981399239643
Detroit Pistons,Toronto Raptors,0.981395766922
Memphis Grizzlies,Brooklyn Nets,0.986944785678
Philadelphia 76ers,Charlotte Hornets,0.998141553581
Boston Celtics,Dallas Mavericks,0.976810095538
Golden State Warriors,Denver Nuggets,0.95746905225
San Antonio Spurs,Indiana Pacers,0.994695732807
Orlando Magic,Miami Heat,0.995480163586
Detroit Pistons,Milwaukee Bucks,0.961541584647
New Orleans Pelicans,Phoenix Suns,0.987010831818
Atlanta Hawks,Portland Trail Blazers,0.999050951532
Los Angeles Clippers,Utah Jazz,0.980427177927
Oklahoma City Thunder,Washington Wizards,0.86166034171
Toronto Raptors,Chicago Bulls,0.916477071857
Sacramento Kings,Los Angeles Lakers,0.986893935577
Cleveland Cavaliers,Minnesota Timberwolves,0.73038235319
Philadelphia 76ers,Boston Celtics,0.995713087094
Milwaukee Bucks,Brooklyn Nets,0.876535213191
Indiana Pacers,Cleveland Cavaliers,0.999122920778
Minnesota Timberwolves,Denver Nuggets,0.805286696958
Dallas Mavericks,Detroit Pistons,0.979274639405
Sacramento Kings,Golden State Warriors,0.991310828633
Miami Heat,Houston Rockets,0.973469429031
Atlanta Hawks,Los Angeles Clippers,0.939501987589
New Orleans Pelicans,Memphis Grizzlies,0.912553393349
New York Knicks,Oklahoma City Thunder,0.99980012819
San Antonio Spurs,Orlando Magic,0.977244050373
Los Angeles Lakers,Phoenix Suns,0.972937040819
Charlotte Hornets,Toronto Raptors,0.959287894672
Utah Jazz,Portland Trail Blazers,0.686629322018
Boston Celtics,Chicago Bulls,0.953890417958
Washington Wizards,Indiana Pacers,0.978880828282
New York Knicks,Cleveland Cavaliers,0.999973963585
Charlotte Hornets,Detroit Pistons,0.933250017945
Los Angeles Clippers,Golden State Warriors,0.9912171641
Houston Rockets,New Orleans Pelicans,0.837756369594
Orlando Magic,Portland Trail Blazers,0.71483339464
Denver Nuggets,Sacramento Kings,0.934850563723
Miami Heat,Atlanta Hawks,0.947138710202
Phoenix Suns,Chicago Bulls,0.964388424267
Brooklyn Nets,Denver Nuggets,0.995579942278
Memphis Grizzlies,Indiana Pacers,0.99915231875
San Antonio Spurs,Los Angeles Clippers,0.976186504537
Utah Jazz,Milwaukee Bucks,0.980273247681
Dallas Mavericks,Minnesota Timberwolves,0.996634938141
Los Angeles Lakers,Oklahoma City Thunder,0.997913256361
Washington Wizards,Philadelphia 76ers,0.745087162431
Boston Celtics,Toronto Raptors,0.986244040716
Chicago Bulls,Cleveland Cavaliers,0.99989362147
New Orleans Pelicans,Dallas Mavericks,0.989744335461
Brooklyn Nets,Golden State Warriors,0.996993407643
Minnesota Timberwolves,Houston Rockets,0.913407947683
Indiana Pacers,Miami Heat,0.977512459806
Philadelphia 76ers,New York Knicks,0.959856387384
Atlanta Hawks,Orlando Magic,0.942092033453
Charlotte Hornets,Sacramento Kings,0.883290861462
Memphis Grizzlies,Denver Nuggets,0.997888481523
Boston Celtics,Detroit Pistons,0.977033516642
Charlotte Hornets,Los Angeles Clippers,0.88777038132
San Antonio Spurs,Los Angeles Lakers,0.986497723681
Phoenix Suns,Milwaukee Bucks,0.978013625545
New Orleans Pelicans,Oklahoma City Thunder,0.999011638703
Portland Trail Blazers,Toronto Raptors,0.531462145087
Utah Jazz,Washington Wizards,0.993055559424
Atlanta Hawks,Boston Celtics,0.965214944952
Milwaukee Bucks,Cleveland Cavaliers,0.999706424512
Miami Heat,Dallas Mavericks,0.932093854644
Indiana Pacers,Houston Rockets,0.97427139947
Toronto Raptors,New York Knicks,0.701336775083
Golden State Warriors,Philadelphia 76ers,0.779771610589
Minnesota Timberwolves,Sacramento Kings,0.6832770997
Denver Nuggets,Chicago Bulls,0.928008672224
Detroit Pistons,Portland Trail Blazers,0.597709785777
Charlotte Hornets,Los Angeles Lakers,0.933768212439
Phoenix Suns,Memphis Grizzlies,0.856371273916
Utah Jazz,Oklahoma City Thunder,0.998452371202
Golden State Warriors,Washington Wizards,0.980340199816
Dallas Mavericks,Atlanta Hawks,0.983889010538
Boston Celtics,Cleveland Cavaliers,0.695942495336
Houston Rockets,Los Angeles Clippers,0.877758767273
Philadelphia 76ers,Miami Heat,0.998569552614
Denver Nuggets,Milwaukee Bucks,0.954902081052
Detroit Pistons,New Orleans Pelicans,0.927192345614
New York Knicks,Orlando Magic,0.996514468164
Brooklyn Nets,Sacramento Kings,0.991560657929
Indiana Pacers,San Antonio Spurs,0.884615733364
Washington Wizards,Toronto Raptors,0.967928926309
Minnesota Timberwolves,Utah Jazz,0.729906132484
Golden State Warriors,Chicago Bulls,0.913414458228
Charlotte Hornets,Phoenix Suns,0.915966020575
Oklahoma City Thunder,Portland Trail Blazers,0.990469182566
Atlanta Hawks,Cleveland Cavaliers,0.641611038145
Memphis Grizzlies,Dallas Mavericks,0.997787190115
Boston Celtics,Los Angeles Lakers,0.977220107108
Los Angeles Clippers,Milwaukee Bucks,0.983335061542
San Antonio Spurs,New Orleans Pelicans,0.96718975974
Miami Heat,Orlando Magic,0.891501663377
New York Knicks,Philadelphia 76ers,0.987457485009
Oklahoma City Thunder,Phoenix Suns,0.678716224885
Brooklyn Nets,Utah Jazz,0.993251401348
Toronto Raptors,Washington Wizards,0.9810846074
Los Angeles Clippers,Chicago Bulls,0.972916290199
Charlotte Hornets,Denver Nuggets,0.935521156605
Memphis Grizzlies,Houston Rockets,0.999171064246
Cleveland Cavaliers,Miami Heat,0.567680554334
Toronto Raptors,Milwaukee Bucks,0.947434268879
Detroit Pistons,Philadelphia 76ers,0.836301385568
Brooklyn Nets,Portland Trail Blazers,0.999879884184
Minnesota Timberwolves,San Antonio Spurs,0.68108733046
Indiana Pacers,Atlanta Hawks,0.948694661582
Oklahoma City Thunder,Dallas Mavericks,0.728481033144
New Orleans Pelicans,Los Angeles Lakers,0.989928019822
Golden State Warriors,New York Knicks,0.693027732551
Boston Celtics,Phoenix Suns,0.970731099863
Utah Jazz,Sacramento Kings,0.971161626583
Orlando Magic,Washington Wizards,0.994034293838
Golden State Warriors,Atlanta Hawks,0.965562720007
Indiana Pacers,Charlotte Hornets,0.970967224181
Miami Heat,Cleveland Cavaliers,0.999094862214
Sacramento Kings,Denver Nuggets,0.987259995202
Chicago Bulls,Detroit Pistons,0.991600093937
Boston Celtics,Los Angeles Clippers,0.960110380536
Brooklyn Nets,Memphis Grizzlies,0.958743586435
New York Knicks,Orlando Magic,0.996514468164
Milwaukee Bucks,Philadelphia 76ers,0.874692657574
Houston Rockets,San Antonio Spurs,0.87181234041
New Orleans Pelicans,Utah Jazz,0.985095127605
Los Angeles Lakers,Dallas Mavericks,0.978567989636
Portland Trail Blazers,Oklahoma City Thunder,0.874683056447
Washington Wizards,Phoenix Suns,0.933161339404
Brooklyn Nets,Atlanta Hawks,0.996447987594
Washington Wizards,Denver Nuggets,0.948938103133
Boston Celtics,Golden State Warriors,0.984847133308
Utah Jazz,Houston Rockets,0.993963567344
Detroit Pistons,Indiana Pacers,0.987806829585
Charlotte Hornets,Miami Heat,0.977000934386
New York Knicks,Milwaukee Bucks,0.997411300534
Los Angeles Clippers,Minnesota Timberwolves,0.997844999092
Toronto Raptors,New Orleans Pelicans,0.901772213597
Chicago Bulls,Orlando Magic,0.985909378872
Sacramento Kings,San Antonio Spurs,0.97561951159
Detroit Pistons,Cleveland Cavaliers,0.698237880939
Los Angeles Clippers,Memphis Grizzlies,0.88775527187
San Antonio Spurs,Oklahoma City Thunder,0.998670870724
Los Angeles Lakers,Phoenix Suns,0.972937040819
Philadelphia 76ers,Portland Trail Blazers,0.999886526811
Toronto Raptors,Atlanta Hawks,0.966847746729
Houston Rockets,Chicago Bulls,0.86056268075
Orlando Magic,Charlotte Hornets,0.994133230347
Brooklyn Nets,Dallas Mavericks,0.995368422199
Boston Celtics,Denver Nuggets,0.977850297886
Indiana Pacers,Milwaukee Bucks,0.91953568037
Golden State Warriors,Minnesota Timberwolves,0.992699593604
Washington Wizards,Sacramento Kings,0.906489703283
New Orleans Pelicans,Charlotte Hornets,0.995630200921
Phoenix Suns,Dallas Mavericks,0.982187304711
New York Knicks,Detroit Pistons,0.997931141675
Philadelphia 76ers,Los Angeles Clippers,0.992365914317
Atlanta Hawks,Memphis Grizzlies,0.74611233104
Toronto Raptors,Miami Heat,0.985623617649
Minnesota Timberwolves,Milwaukee Bucks,0.76095872559
Utah Jazz,Oklahoma City Thunder,0.998452371202
Orlando Magic,Cleveland Cavaliers,0.796078902718
Washington Wizards,Portland Trail Blazers,0.998546122718
Denver Nuggets,Sacramento Kings,0.934850563723
Golden State Warriors,San Antonio Spurs,0.920792558043
Chicago Bulls,Boston Celtics,0.99169015705
New York Knicks,Brooklyn Nets,0.987665296301
Cleveland Cavaliers,Houston Rockets,0.533557255451
Miami Heat,Indiana Pacers,0.972885241129
Philadelphia 76ers,Los Angeles Lakers,0.995702308271
Phoenix Suns,Portland Trail Blazers,0.655858611411
Chicago Bulls,Charlotte Hornets,0.996389284048
Los Angeles Lakers,Denver Nuggets,0.979530992526
Milwaukee Bucks,Memphis Grizzlies,0.820755286135
Washington Wizards,Minnesota Timberwolves,0.991170093074
Orlando Magic,Sacramento Kings,0.97514882537
Atlanta Hawks,San Antonio Spurs,0.936341234256
Dallas Mavericks,Toronto Raptors,0.987597788094
Los Angeles Clippers,Utah Jazz,0.980427177927
Brooklyn Nets,Oklahoma City Thunder,0.689743581853
Detroit Pistons,Cleveland Cavaliers,0.999598917019
Philadelphia 76ers,Golden State Warriors,0.997159224252
New Orleans Pelicans,Portland Trail Blazers,0.785031384231
Indiana Pacers,New York Knicks,0.598215079988
Minnesota Timberwolves,Boston Celtics,0.801149337748
Memphis Grizzlies,Chicago Bulls,0.995504754687
Utah Jazz,Detroit Pistons,0.984180024254
Los Angeles Lakers,Houston Rockets,0.991873509316
Charlotte Hornets,Indiana Pacers,0.973108628736
Milwaukee Bucks,Los Angeles Clippers,0.960312717604
New Orleans Pelicans,Miami Heat,0.99663461284
Sacramento Kings,Phoenix Suns,0.983112964463
San Antonio Spurs,Portland Trail Blazers,0.734929933172
Dallas Mavericks,Washington Wizards,0.99087674788
Memphis Grizzlies,Atlanta Hawks,0.998303930305
Utah Jazz,Cleveland Cavaliers,0.999798160613
Los Angeles Clippers,Denver Nuggets,0.987123232095
Orlando Magic,Golden State Warriors,0.991051194529
Brooklyn Nets,New York Knicks,0.957605768301
Oklahoma City Thunder,Toronto Raptors,0.820359652767
Boston Celtics,Brooklyn Nets,0.875960923832
Toronto Raptors,Detroit Pistons,0.95756308157
Milwaukee Bucks,Los Angeles Lakers,0.977337704912
Minnesota Timberwolves,Miami Heat,0.923715724816
Houston Rockets,New Orleans Pelicans,0.837756369594
Dallas Mavericks,Philadelphia 76ers,0.88521564093
Orlando Magic,Phoenix Suns,0.982612673032
Chicago Bulls,Washington Wizards,0.996328252842
Atlanta Hawks,Portland Trail Blazers,0.534787237378
Utah Jazz,Chicago Bulls,0.968002545694
Washington Wizards,Charlotte Hornets,0.976669575262
Houston Rockets,Denver Nuggets,0.929430618708
Milwaukee Bucks,Golden State Warriors,0.984925965076
Los Angeles Clippers,Cleveland Cavaliers,0.803525101471
San Antonio Spurs,Memphis Grizzlies,0.885810735636
Sacramento Kings,Oklahoma City Thunder,0.998710339786
Dallas Mavericks,Brooklyn Nets,0.886923466762
Phoenix Suns,Detroit Pistons,0.982359855129
Los Angeles Lakers,Cleveland Cavaliers,0.696475908424
Portland Trail Blazers,Miami Heat,0.671589587276
Minnesota Timberwolves,New Orleans Pelicans,0.618532139799
Boston Celtics,Philadelphia 76ers,0.874111028584
Sacramento Kings,San Antonio Spurs,0.97561951159
Indiana Pacers,Toronto Raptors,0.960177320489
Washington Wizards,Boston Celtics,0.947654705618
Atlanta Hawks,Charlotte Hornets,0.984653840781
Denver Nuggets,Houston Rockets,0.985947521991
Utah Jazz,Indiana Pacers,0.993827787333
New York Knicks,Los Angeles Clippers,0.996349138021
Golden State Warriors,Oklahoma City Thunder,0.995574607151
Philadelphia 76ers,Orlando Magic,0.992710305938
Detroit Pistons,Brooklyn Nets,0.838604294713
Golden State Warriors,Dallas Mavericks,0.955515241567
Los Angeles Clippers,Los Angeles Lakers,0.98675329557
Phoenix Suns,Miami Heat,0.994124640485
San Antonio Spurs,Minnesota Timberwolves,0.997802945666
Memphis Grizzlies,New Orleans Pelicans,0.994631835509
Milwaukee Bucks,Portland Trail Blazers,0.999390699778
Chicago Bulls,Toronto Raptors,0.994998712281
Indiana Pacers,Boston Celtics,0.935330204669
Detroit Pistons,Chicago Bulls,0.93835192095
Denver Nuggets,Cleveland Cavaliers,0.690375062978
Philadelphia 76ers,Oklahoma City Thunder,0.999580475384
Charlotte Hornets,Orlando Magic,0.892321328317
Milwaukee Bucks,Sacramento Kings,0.958593597863
New York Knicks,Utah Jazz,0.996951982138
Atlanta Hawks,Washington Wizards,0.984397553883
Phoenix Suns,Brooklyn Nets,0.902385892131
Los Angeles Clippers,Dallas Mavericks,0.986512502083
Toronto Raptors,Miami Heat,0.985623617649
New York Knicks,Portland Trail Blazers,0.999945947257
Memphis Grizzlies,San Antonio Spurs,0.995919054546
Phoenix Suns,Boston Celtics,0.982547247588
Philadelphia 76ers,Chicago Bulls,0.991129065453
Cleveland Cavaliers,Charlotte Hornets,0.502552915943
Sacramento Kings,Golden State Warriors,0.991310828633
New Orleans Pelicans,Houston Rockets,0.996138683219
Denver Nuggets,Indiana Pacers,0.985634039741
Minnesota Timberwolves,Los Angeles Lakers,0.80074725111
Atlanta Hawks,Milwaukee Bucks,0.956378874952
Detroit Pistons,Orlando Magic,0.948855214833
Brooklyn Nets,Washington Wizards,0.997999658395
Washington Wizards,Cleveland Cavaliers,0.999299180096
Toronto Raptors,Dallas Mavericks,0.957158554789
Utah Jazz,Los Angeles Clippers,0.972373982237
Minnesota Timberwolves,Portland Trail Blazers,0.993499997382
New York Knicks,San Antonio Spurs,0.996146213817
Brooklyn Nets,Atlanta Hawks,0.996447987594
Miami Heat,Boston Celtics,0.933397400063
Phoenix Suns,Charlotte Hornets,0.992376848141
New Orleans Pelicans,Denver Nuggets,0.99021017644
Memphis Grizzlies,Golden State Warriors,0.998564776361
Oklahoma City Thunder,Houston Rockets,0.877631664502
Philadelphia 76ers,Indiana Pacers,0.99832119493
Sacramento Kings,Los Angeles Clippers,0.976878197892
Los Angeles Lakers,Portland Trail Blazers,0.595700711941
Chicago Bulls,Milwaukee Bucks,0.98950618133
Oklahoma City Thunder,Dallas Mavericks,0.728481033144
Detroit Pistons,New York Knicks,0.765116545349
Memphis Grizzlies,Sacramento Kings,0.99595989893
San Antonio Spurs,Cleveland Cavaliers,0.811956007721
Orlando Magic,Toronto Raptors,0.991880879096
New Orleans Pelicans,Utah Jazz,0.985095127605
Phoenix Suns,Atlanta Hawks,0.986296934293
Philadelphia 76ers,Brooklyn Nets,0.97445063583
Milwaukee Bucks,Charlotte Hornets,0.990096495089
Miami Heat,Detroit Pistons,0.932718416421
Golden State Warriors,Houston Rockets,0.982882123105
Minnesota Timberwolves,Indiana Pacers,0.911621308525
Washington Wizards,Los Angeles Lakers,0.947529458566
Denver Nuggets,Portland Trail Blazers,0.999017337113
Milwaukee Bucks,Boston Celtics,0.977393497329
Washington Wizards,Los Angeles Clippers,0.910169362495
Indiana Pacers,Memphis Grizzlies,0.605020062584
Dallas Mavericks,New Orleans Pelicans,0.950553536929
Miami Heat,New York Knicks,0.590616730655
Oklahoma City Thunder,Orlando Magic,0.616281606387
Atlanta Hawks,Philadelphia 76ers,0.817516951514
Utah Jazz,Sacramento Kings,0.971161626583
Golden State Warriors,San Antonio Spurs,0.920792558043
Charlotte Hornets,Toronto Raptors,0.959287894672
Chicago Bulls,Cleveland Cavaliers,0.826335825805
Brooklyn Nets,Detroit Pistons,0.995413884187
Los Angeles Lakers,Minnesota Timberwolves,0.996552314972
Los Angeles Clippers,Phoenix Suns,0.982932452875
Houston Rockets,Portland Trail Blazers,0.997949741758
Orlando Magic,Boston Celtics,0.986537657049
Denver Nuggets,Charlotte Hornets,0.984118400254
Philadelphia 76ers,Cleveland Cavaliers,0.999945339943
Houston Rockets,Golden State Warriors,0.950955534638
Dallas Mavericks,Memphis Grizzlies,0.834953108154
New York Knicks,Miami Heat,0.999318138746
Detroit Pistons,Milwaukee Bucks,0.961541584647
Sacramento Kings,New Orleans Pelicans,0.968134244667
San Antonio Spurs,Oklahoma City Thunder,0.998670870724
Indiana Pacers,Toronto Raptors,0.960177320489
Washington Wizards,Utah Jazz,0.923915866986
Orlando Magic,Brooklyn Nets,0.923273210689
Atlanta Hawks,Chicago Bulls,0.930301848715
Los Angeles Lakers,Los Angeles Clippers,0.963086345831
Sacramento Kings,Minnesota Timberwolves,0.997868133115
Phoenix Suns,Portland Trail Blazers,0.999532007075
Atlanta Hawks,Brooklyn Nets,0.820027250965
Indiana Pacers,Cleveland Cavaliers,0.999122920778
Washington Wizards,Golden State Warriors,0.964738629553
Memphis Grizzlies,Los Angeles Lakers,0.997827138955
Denver Nuggets,Miami Heat,0.987736242778
Dallas Mavericks,Milwaukee Bucks,0.974188238495
Chicago Bulls,New Orleans Pelicans,0.979603793972
Boston Celtics,New York Knicks,0.815745391344
Charlotte Hornets,Oklahoma City Thunder,0.993150225503
Houston Rockets,Phoenix Suns,0.908209580447
Utah Jazz,San Antonio Spurs,0.970877408805
Philadelphia 76ers,Toronto Raptors,0.997424077452
Orlando Magic,Cleveland Cavaliers,0.999826773186
Minnesota Timberwolves,Golden State Warriors,0.858930372589
Toronto Raptors,Indiana Pacers,0.98316544918
Denver Nuggets,New Orleans Pelicans,0.915146068674
Chicago Bulls,New York Knicks,0.924728462485
Milwaukee Bucks,Oklahoma City Thunder,0.997750349448
Brooklyn Nets,Philadelphia 76ers,0.972547113186
Dallas Mavericks,Sacramento Kings,0.962373883443
Memphis Grizzlies,San Antonio Spurs,0.995919054546
Utah Jazz,Portland Trail Blazers,0.686629322018
Charlotte Hornets,Washington Wizards,0.969822864247
Boston Celtics,Cleveland Cavaliers,0.695942495336
Miami Heat,Charlotte Hornets,0.970065425771
Toronto Raptors,Detroit Pistons,0.95756308157
Denver Nuggets,Houston Rockets,0.985947521991
Dallas Mavericks,Los Angeles Clippers,0.963941956279
Memphis Grizzlies,Oklahoma City Thunder,0.775123093866
Golden State Warriors,Phoenix Suns,0.944173055425
Los Angeles Lakers,San Antonio Spurs,0.961106761441
Boston Celtics,Atlanta Hawks,0.982137758272
Milwaukee Bucks,Indiana Pacers,0.991046813322
Washington Wizards,New York Knicks,0.650799695961
Brooklyn Nets,Orlando Magic,0.992286813839
Chicago Bulls,Philadelphia 76ers,0.950660000798
Minnesota Timberwolves,Portland Trail Blazers,0.993499997382
Atlanta Hawks,Cleveland Cavaliers,0.999542645077
San Antonio Spurs,Dallas Mavericks,0.986252349232
New Orleans Pelicans,Denver Nuggets,0.99021017644
Detroit Pistons,Houston Rockets,0.988073472702
Sacramento Kings,Los Angeles Lakers,0.986893935577
New York Knicks,Memphis Grizzlies,0.981004580566
Oklahoma City Thunder,Phoenix Suns,0.678716224885
Miami Heat,Toronto Raptors,0.958954540347
Minnesota Timberwolves,Utah Jazz,0.729906132484
Chicago Bulls,Brooklyn Nets,0.951447515541
Boston Celtics,Charlotte Hornets,0.99004443001
New Orleans Pelicans,Golden State Warriors,0.993329303423
Indiana Pacers,Orlando Magic,0.894512876444
Milwaukee Bucks,Philadelphia 76ers,0.874692657574
Utah Jazz,Portland Trail Blazers,0.999581051805
Los Angeles Clippers,San Antonio Spurs,0.97536090729
Miami Heat,Washington Wizards,0.969573035128
Atlanta Hawks,Cleveland Cavaliers,0.641611038145
Oklahoma City Thunder,Denver Nuggets,0.737668759713
Minnesota Timberwolves,Los Angeles Lakers,0.80074725111
Detroit Pistons,Memphis Grizzlies,0.770180720042
Toronto Raptors,New York Knicks,0.701336775083
Dallas Mavericks,Phoenix Suns,0.973570590804
Houston Rockets,Sacramento Kings,0.872936838578
Brooklyn Nets,Boston Celtics,0.995463243234
Orlando Magic,Chicago Bulls,0.972414112968
Washington Wizards,Detroit Pistons,0.947112833326
Utah Jazz,Golden State Warriors,0.989588178718
Houston Rockets,Los Angeles Clippers,0.877758767273
Cleveland Cavaliers,Miami Heat,0.567680554334
Charlotte Hornets,Milwaukee Bucks,0.917816231105
Indiana Pacers,Philadelphia 76ers,0.700159343782
San Antonio Spurs,Portland Trail Blazers,0.999640257757
Charlotte Hornets,Atlanta Hawks,0.947562780402
Denver Nuggets,Dallas Mavericks,0.963298390987
New Orleans Pelicans,Los Angeles Lakers,0.989928019822
Oklahoma City Thunder,Minnesota Timberwolves,0.944397740762
Phoenix Suns,Sacramento Kings,0.967892488957
Milwaukee Bucks,Boston Celtics,0.977393497329
Brooklyn Nets,Chicago Bulls,0.990614580259
Toronto Raptors,Cleveland Cavaliers,0.999443715314
Los Angeles Lakers,Golden State Warriors,0.986004514576
Minnesota Timberwolves,Houston Rockets,0.913407947683
Atlanta Hawks,Indiana Pacers,0.986119101956
Sacramento Kings,Los Angeles Clippers,0.976878197892
Dallas Mavericks,Memphis Grizzlies,0.834953108154
Washington Wizards,Miami Heat,0.981953149767
Philadelphia 76ers,New York Knicks,0.959856387384
Denver Nuggets,Oklahoma City Thunder,0.996375470011
Detroit Pistons,Orlando Magic,0.948855214833
New Orleans Pelicans,Portland Trail Blazers,0.999732556605
San Antonio Spurs,Utah Jazz,0.980052022074
